INSERT INTO user_roles(id, user_role_enum)
values (1,'ADMIN'),
       (2,'USER');

insert into categories(id,name)
value (1,'Dogs'),
    (2,'Cats'),
    (3,'Fish'),
    (4,'Birds');

INSERT into users (id, email, first_name, is_active, last_name, password, username,phone,age)
VALUES (1,'admin@admin.com','Admin',1,'Adminov',
       'feacb029fda31fcea2038d31933e65929fa6a2f635dd0563947147c9245504a4db4400ff6f59ea8c','admin','0123456789',18),
        (2,'user@user.com','User',1,'Userov',
         'feacb029fda31fcea2038d31933e65929fa6a2f635dd0563947147c9245504a4db4400ff6f59ea8c','user','2101234123312',20),
       (3,'sergiogarciagarcia@kaulananews.com','Atanas',0,'Atanasov',
        'feacb029fda31fcea2038d31933e65929fa6a2f635dd0563947147c9245504a4db4400ff6f59ea8c','user1','3201234123312',21),
       (4,'leo@myxl.live','Georgi',0,'Georgiev',
        'feacb029fda31fcea2038d31933e65929fa6a2f635dd0563947147c9245504a4db4400ff6f59ea8c','user2','321201234123312',
        22),
       (5,'angelawolsey@freeallapp.com','Petur',1,'Petrov',
        'feacb029fda31fcea2038d31933e65929fa6a2f635dd0563947147c9245504a4db4400ff6f59ea8c','user3','301234123312',23),
       (6,'tkirkbride@gmailvn.net','Angel',1,'Angelov',
        'feacb029fda31fcea2038d31933e65929fa6a2f635dd0563947147c9245504a4db4400ff6f59ea8c','user4','401234123312',24),
       (7,'york17mur@abusemail.de','Venelin',1,'Venelinov',
        'feacb029fda31fcea2038d31933e65929fa6a2f635dd0563947147c9245504a4db4400ff6f59ea8c','user5','5401234123312',25),
       (8,'lostboy18@saxophonexltd.com','Maria',1,'Marinova',
        'feacb029fda31fcea2038d31933e65929fa6a2f635dd0563947147c9245504a4db4400ff6f59ea8c','user6','3101234123312',26),
       (9,'maratkarimov95@gmailwe.com','Malin',1,'Malinov',
        'feacb029fda31fcea2038d31933e65929fa6a2f635dd0563947147c9245504a4db4400ff6f59ea8c','user7','7601234123312',27),
       (10,'m004@hearkn.com','Fake',1,'Profile',
        'feacb029fda31fcea2038d31933e65929fa6a2f635dd0563947147c9245504a4db4400ff6f59ea8c','user8','8701234123312',28),
       (11,'blockerx34@myxl.live','Toni',1,'Storaro',
        'feacb029fda31fcea2038d31933e65929fa6a2f635dd0563947147c9245504a4db4400ff6f59ea8c','user9','34501234123312',32),
       (12,'mattwilliams7@reacc.me','Slavi',1,'Trifonov',
        'feacb029fda31fcea2038d31933e65929fa6a2f635dd0563947147c9245504a4db4400ff6f59ea8c','user10','7501234123312',33),
       (13,'nizart@hearkn.com','Kuku',1,'Bent',
        'feacb029fda31fcea2038d31933e65929fa6a2f635dd0563947147c9245504a4db4400ff6f59ea8c','user11','21301234123312',
        45),
       (14,'pimshindenis@nlchttvpkz.ga','Tedi',1,'Bear',
        'feacb029fda31fcea2038d31933e65929fa6a2f635dd0563947147c9245504a4db4400ff6f59ea8c','user12','4301234123312',26),
       (15,'chochain@snapboosting.com','Ton',1,'Bonbon',
        'feacb029fda31fcea2038d31933e65929fa6a2f635dd0563947147c9245504a4db4400ff6f59ea8c','user13','501234123312',43);

INSERT INTO users_user_roles (user_entity_id, user_roles_id)
VALUES (1,1),
       (1,2),
       (2,2),
       (3,2),
       (4,2),
       (5,2),
       (6,2),
       (7,2),
       (8,2),
       (9,2),
       (10,2),(11,2),(12,2),(13,2),(14,2),(15,2);


insert into offers(id, breed, created_on, `description`, price, title, category_id, seller_id)
VALUES (1,'Affenpinscher','2023-01-03 00:00:00.000000','Affenpinscher: cute, small, monkey-like lap dog.',250,'Alonso',1,1),
       (2,'Akita','2023-01-04 00:00:00.000000','Akita: a large, powerful, and loyal breed with a bold spirit. ',150,'Fluffy',1,2),
       (3,'Alaskan','2023-01-05 00:00:00.000000','Alaskan Malamute: a majestic, strong, and playful arctic breed. ',270,'Alis',1,3),
       (4,'Spaniel','2023-01-06 00:00:00.000000','English Springer Spaniel: energetic, friendly and loving hunting breed. ',350,'Calyn',1,4),

       (5,'Street Superb','2023-01-07 00:00:00.000000','Street cat: resilient, independent, and adaptable to urban environments.',1,'Teny',2,5),
       (6,'Birman','2023-01-08 00:00:00.000000','Birman: a beautiful, long-haired, blue-eyed, and affectionate cat breed',150,'Antonin',2,1),
       (7,'Chartreux','2023-01-09 00:00:00.000000','Chartreux: a blue-gray, muscular, and friendly feline breed with a gentle purr.',90,'Camille',2,1),
       (8,'Korat','2023-01-10 00:00:00.000000','Korat: an ancient, silver-tipped, and intelligent cat breed with a loving nature.',100,'Liona',2,1),

       (9,'Guppies','2023-01-11 00:00:00.000000','Guppies: small, colorful, and hardy tropical fish, popular in aquariums.',20,'Gary Ellis',3,6),
       (10,'Angelfish','2023-01-12 00:00:00.000000','Angelfish: a elegant, tropical, and graceful freshwater fish.',25,'Sohrab',3,7),
       (11,'Blue Fish','2023-01-13 00:00:00.000000','Blue fish: a predatory, strong-tasting, and migratory saltwater
fish.',50,'Dori',3,8),

       (12,'African Gray Parrot','2023-01-14 00:00:00.000000','African Gray Parrot: a highly intelligent, sociable, and talkative bird species.',60,'Elis',4,9),
       (13,'Black-throated Sparrow','2023-01-15 00:00:00.000000','Black-throated Sparrow: a small, desert-dwelling, and secretive songbird.',15,'Eric',4,10),
       (14,'Wemyss','2023-01-16 00:00:00.000000','Wemyss: small, independent and also very scary when angry.',20,
        'Martin',4,11),
       (15,'Ewing','2023-01-17 00:00:00.000000','Ewing: tiny but powerful of emotional and beautiful songs.',1,
        'Skyler',4,12);

insert into offer_images(id, image_url, public_id, offer_id)
VALUES (1,'https://res.cloudinary.com/dnlkkivap/image/upload/v1674246712/Affenpinscher-puppy-standing-outdoors-in-the
-grass-1_pvz2zo.jpg','Affenpinscher-puppy-standing-outdoors-in-the-grass-1_pvz2zo',1),
    (2,'https://res.cloudinary.com/dnlkkivap/image/upload/v1674246713/Affenpinscher-running_gjxiyr.jpg',
    'Affenpinscher-running_gjxiyr',1),
    (3,'https://res.cloudinary.com/dnlkkivap/image/upload/v1674247052/Akita1_vngnue.jpg',
    'Akita1_vngnue',2),
    (4,'https://res.cloudinary.com/dnlkkivap/image/upload/v1674247060/akita2_gyyvr2.jpg',
    'akita2_gyyvr2',2),
    (5,'https://res.cloudinary.com/dnlkkivap/image/upload/v1674247467/alaskan3_ipmsdm.jpg',
    'alaskan3_ipmsdm',3),
    (6,'https://res.cloudinary.com/dnlkkivap/image/upload/v1674247467/alaskan2_i08wdr.jpg',
    'alaskan2_i08wdr',3),
    (7,'https://res.cloudinary.com/dnlkkivap/image/upload/v1674247468/alaskan1_r8takd.jpg',
    'alaskan1_r8takd',3),
    (8,'https://res.cloudinary.com/dnlkkivap/image/upload/v1674247670/Spaniel1_qnfxui.jpg',
    'Spaniel1_qnfxui',4),
    (9,'https://res.cloudinary.com/dnlkkivap/image/upload/v1674247670/Spaniel2_jxaxbr.jpg',
    'Spaniel2_jxaxbr',4),
    (10,'https://res.cloudinary.com/dnlkkivap/image/upload/v1674247670/Spaniel_nxbfvr.jpg',
    'Spaniel_nxbfvr',4),

    (11,'https://res.cloudinary.com/dnlkkivap/image/upload/v1674247814/Street_Superb1_isjmd7.jpg',
    'Street_Superb1_isjmd7',5),
    (12,'https://res.cloudinary.com/dnlkkivap/image/upload/v1674247814/Street_Superb_cfqqec.jpg',
    'Street_Superb_cfqqec',5),
    (13,'https://res.cloudinary.com/dnlkkivap/image/upload/v1674247920/Birman2_eswzjb.jpg',
    'Birman2_eswzjb',6),
    (14,'https://res.cloudinary.com/dnlkkivap/image/upload/v1674247920/Birman_bckavj.jpg',
    'Birman_bckavj',6),
    (15,'https://res.cloudinary.com/dnlkkivap/image/upload/v1674248002/Chartreux_ma7db3.jpg',
    'Chartreux_ma7db3',7),
    (16,'https://res.cloudinary.com/dnlkkivap/image/upload/v1674248002/Chartreux1_ma42u4.jpg',
    'Chartreux1_ma42u4',7),
    (17,'https://res.cloudinary.com/dnlkkivap/image/upload/v1674248101/Korat_cnziva.jpg',
    'Korat_cnziva',8),
    (18,'https://res.cloudinary.com/dnlkkivap/image/upload/v1674248102/Korat11_pv6s2r.jpg',
    'Korat11_pv6s2r',8),
    (19,'https://res.cloudinary.com/dnlkkivap/image/upload/v1674248202/guppy-fish-types-varieties_sifaor.jpg',
    'guppy-fish-types-varieties_sifaor',9),
    (20,'https://res.cloudinary.com/dnlkkivap/image/upload/v1674248295/Zia11_jaih41.jpg',
    'Zia11_jaih41',10),
    (21,'https://res.cloudinary.com/dnlkkivap/image/upload/v1674248295/Zia_zjsvwj.jpg',
    'Zia_zjsvwj',10),
    (22,'https://res.cloudinary.com/dnlkkivap/image/upload/v1674248480/dori2_zngnuy.jpg',
    'dori2_zngnuy',11),
    (23,'https://res.cloudinary.com/dnlkkivap/image/upload/v1674248480/dori1_iyisbb.jpg',
    'dori1_iyisbb',11),
    (24,'https://res.cloudinary.com/dnlkkivap/image/upload/v1674248575/African_Gray_Parrot1_gok1di.jpg',
    'African_Gray_Parrot1_gok1di',12),
    (25,'https://res.cloudinary.com/dnlkkivap/image/upload/v1674248575/African_Gray_Parrot_hotbsc.jpg',
    'African_Gray_Parrot_hotbsc',12),
    (26,'https://res.cloudinary.com/dnlkkivap/image/upload/v1674248657/Black-throated_Sparrow_qjw31m.jpg',
    'Black-throated_Sparrow_qjw31m',13),
    (27,'https://res.cloudinary.com/dnlkkivap/image/upload/v1674248657/Black-throated_Sparrow1_shbyfp.jpg',
    'Black-throated_Sparrow1_shbyfp',13),
    (28,'https://res.cloudinary.com/dnlkkivap/image/upload/v1674248752/Wemyss_ded9tq.jpg',
    'Wemyss_ded9tq',14),
    (29,'https://res.cloudinary.com/dnlkkivap/image/upload/v1674248795/6eb26e78d1934412719d1d00ced860a9_ggmi6k.jpg',
    '6eb26e78d1934412719d1d00ced860a9_ggmi6k',15);
