INSERT INTO user_roles(id, user_role_enum)
values (1,'ADMIN'),
       (2,'USER');

insert into categories(id,name)
value (1,'Dogs'),
    (2,'Cats'),
    (3,'Fish'),
    (4,'Birds');

INSERT into users (id, email, first_name, is_active, last_name, password, username,phone,age)
VALUES (1,'admin@admin.com','Admin',1,'Adminov',
       'feacb029fda31fcea2038d31933e65929fa6a2f635dd0563947147c9245504a4db4400ff6f59ea8c','admin','0123456789',18),
        (2,'user@user.com','User',1,'Userov',
         'feacb029fda31fcea2038d31933e65929fa6a2f635dd0563947147c9245504a4db4400ff6f59ea8c','user','2101234123312',20),
       (3,'sergiogarciagarcia@kaulananews.com','Atanas',0,'Atanasov',
        'feacb029fda31fcea2038d31933e65929fa6a2f635dd0563947147c9245504a4db4400ff6f59ea8c','user1','3201234123312',21),
       (4,'leo@myxl.live','Georgi',0,'Georgiev',
        'feacb029fda31fcea2038d31933e65929fa6a2f635dd0563947147c9245504a4db4400ff6f59ea8c','user2','321201234123312',
        22),
       (5,'angelawolsey@freeallapp.com','Petur',1,'Petrov',
        'feacb029fda31fcea2038d31933e65929fa6a2f635dd0563947147c9245504a4db4400ff6f59ea8c','user3','301234123312',23),
       (6,'tkirkbride@gmailvn.net','Angel',1,'Angelov',
        'feacb029fda31fcea2038d31933e65929fa6a2f635dd0563947147c9245504a4db4400ff6f59ea8c','user4','401234123312',24),
       (7,'york17mur@abusemail.de','Venelin',1,'Venelinov',
        'feacb029fda31fcea2038d31933e65929fa6a2f635dd0563947147c9245504a4db4400ff6f59ea8c','user5','5401234123312',25),
       (8,'lostboy18@saxophonexltd.com','Maria',1,'Marinova',
        'feacb029fda31fcea2038d31933e65929fa6a2f635dd0563947147c9245504a4db4400ff6f59ea8c','user6','3101234123312',26),
       (9,'maratkarimov95@gmailwe.com','Malin',1,'Malinov',
        'feacb029fda31fcea2038d31933e65929fa6a2f635dd0563947147c9245504a4db4400ff6f59ea8c','user7','7601234123312',27),
       (10,'m004@hearkn.com','Fake',1,'Profile',
        'feacb029fda31fcea2038d31933e65929fa6a2f635dd0563947147c9245504a4db4400ff6f59ea8c','user8','8701234123312',28),
       (11,'blockerx34@myxl.live','Toni',1,'Storaro',
        'feacb029fda31fcea2038d31933e65929fa6a2f635dd0563947147c9245504a4db4400ff6f59ea8c','user9','34501234123312',32),
       (12,'mattwilliams7@reacc.me','Slavi',1,'Trifonov',
        'feacb029fda31fcea2038d31933e65929fa6a2f635dd0563947147c9245504a4db4400ff6f59ea8c','user10','7501234123312',33),
       (13,'nizart@hearkn.com','Kuku',1,'Bent',
        'feacb029fda31fcea2038d31933e65929fa6a2f635dd0563947147c9245504a4db4400ff6f59ea8c','user11','21301234123312',
        45),
       (14,'pimshindenis@nlchttvpkz.ga','Tedi',1,'Bear',
        'feacb029fda31fcea2038d31933e65929fa6a2f635dd0563947147c9245504a4db4400ff6f59ea8c','user12','4301234123312',26),
       (15,'chochain@snapboosting.com','Ton',1,'Bonbon',
        'feacb029fda31fcea2038d31933e65929fa6a2f635dd0563947147c9245504a4db4400ff6f59ea8c','user13','501234123312',43);

INSERT INTO users_user_roles (user_entity_id, user_roles_id)
VALUES (1,1),
       (1,2),
       (2,2),
       (3,2),
       (4,2),
       (5,2),
       (6,2),
       (7,2),
       (8,2),
       (9,2),
       (10,2),(11,2),(12,2),(13,2),(14,2),(15,2);


insert into offers(id, breed, created_on, `description`, price, title, category_id, seller_id)
VALUES (1,'Affenpinscher','2023-01-03 00:00:00.000000','Affenpinscher: cute, small, monkey-like lap dog.',250,'Alonso',1,1),
       (2,'Akita','2023-01-04 00:00:00.000000','Akita: a large, powerful, and loyal breed with a bold spirit. ',150,'Fluffy',1,2),
       (3,'Alaskan','2023-01-05 00:00:00.000000','Alaskan Malamute: a majestic, strong, and playful arctic breed. ',270,'Alis',1,3),
       (4,'Spaniel','2023-01-06 00:00:00.000000','English Springer Spaniel: energetic, friendly and loving hunting breed. ',350,'Calyn',1,4),

       (5,'Street Superb','2023-01-07 00:00:00.000000','Street cat: resilient, independent, and adaptable to urban environments.',1,'Teny',2,5),
       (6,'Birman','2023-01-08 00:00:00.000000','Birman: a beautiful, long-haired, blue-eyed, and affectionate cat breed',150,'Antonin',2,1),
       (7,'Chartreux','2023-01-09 00:00:00.000000','Chartreux: a blue-gray, muscular, and friendly feline breed with a gentle purr.',90,'Camille',2,1),
       (8,'Korat','2023-01-10 00:00:00.000000','Korat: an ancient, silver-tipped, and intelligent cat breed with a loving nature.',100,'Liona',2,1),

       (9,'Guppies','2023-01-11 00:00:00.000000','Guppies: small, colorful, and hardy tropical fish, popular in aquariums.',20,'Gary Ellis',3,6),
       (10,'Angelfish','2023-01-12 00:00:00.000000','Angelfish: a elegant, tropical, and graceful freshwater fish.',25,'Sohrab',3,7),
       (11,'Blue Fish','2023-01-13 00:00:00.000000','Blue fish: a predatory, strong-tasting, and migratory saltwater
fish.',50,'Dori',3,8),

       (12,'African Gray Parrot','2023-01-14 00:00:00.000000','African Gray Parrot: a highly intelligent, sociable, and talkative bird species.',60,'Elis',4,9),
       (13,'Black-throated Sparrow','2023-01-15 00:00:00.000000','Black-throated Sparrow: a small, desert-dwelling, and secretive songbird.',15,'Eric',4,10),
       (14,'Wemyss','2023-01-16 00:00:00.000000','Wemyss: small, independent and also very scary when angry.',20,
        'Martin',4,11),
       (15,'Ewing','2023-01-17 00:00:00.000000','Ewing: tiny but powerful of emotional and beautiful songs.',1,
        'Skyler',4,12);

insert into offer_images(id, image_url, public_id, offer_id)
VALUES (1,'https://res.cloudinary.com/dnlkkivap/image/upload/v1674678563/Affenpinscher_pakyft.jpg','Affenpinscher_pakyft',1),
    (2,'https://res.cloudinary.com/dnlkkivap/image/upload/v1674678564/Affenpinscher2_j5sc1y.jpg',
    'Affenpinscher2_j5sc1y',1),
    (3,'https://res.cloudinary.com/dnlkkivap/image/upload/v1674678649/akita1_dieh4t.jpg',
    'akita1_dieh4t',2),
    (4,'https://res.cloudinary.com/dnlkkivap/image/upload/v1674678656/akita2_gkswlr.jpg',
    'akita2_gkswlr',2),
    (5,'https://res.cloudinary.com/dnlkkivap/image/upload/v1674678691/alaskan_f5p9ek.jpg',
    'alaskan_f5p9ek',3),
    (6,'https://res.cloudinary.com/dnlkkivap/image/upload/v1674678693/alaskan1_yyyk1q.jpg',
    'alaskan1_yyyk1q',3),
    (7,'https://res.cloudinary.com/dnlkkivap/image/upload/v1674678695/alaskan3_trjf6z.jpg',
    'alaskan3_trjf6z',3),
    (8,'https://res.cloudinary.com/dnlkkivap/image/upload/v1674678775/spaniel2_cehaur.jpg',
    'spaniel2_cehaur',4),
    (9,'https://res.cloudinary.com/dnlkkivap/image/upload/v1674678775/spaniel11_w6xpo3.jpg',
    'spaniel11_w6xpo3',4),
    (10,'https://res.cloudinary.com/dnlkkivap/image/upload/v1674678775/spaniel_nxci8x.jpg',
    'spaniel_nxci8x',4),

    (11,'https://res.cloudinary.com/dnlkkivap/image/upload/v1674678871/street_1_vqzn6o.jpg',
    'street_1_vqzn6o',5),
    (12,'https://res.cloudinary.com/dnlkkivap/image/upload/v1674678871/bulgaria_street_cat_efai2u.jpg',
    'bulgaria_street_cat_efai2u',5),
    (13,'https://res.cloudinary.com/dnlkkivap/image/upload/v1674678898/Birman1_dxzadd.jpg',
    'Birman1_dxzadd',6),
    (14,'https://res.cloudinary.com/dnlkkivap/image/upload/v1674678898/Birman_lvjdmz.jpg',
    'Birman_lvjdmz',6),
    (15,'https://res.cloudinary.com/dnlkkivap/image/upload/v1674678940/chartreux_baeayf.jpg',
    'chartreux_baeayf',7),
    (16,'https://res.cloudinary.com/dnlkkivap/image/upload/v1674678940/chartreux1_fikggn.jpg',
    'chartreux1_fikggn',7),
    (17,'https://res.cloudinary.com/dnlkkivap/image/upload/v1674678969/korat_y9pdsx.jpg',
    'korat_y9pdsx',8),
    (18,'https://res.cloudinary.com/dnlkkivap/image/upload/v1674678969/korat_1_kpygsc.jpg',
    'korat_1_kpygsc',8),

    (19,'https://res.cloudinary.com/dnlkkivap/image/upload/v1674679045/angelfish1_n3bo0p.jpg',
    'angelfish1_n3bo0p',9),
    (20,'https://res.cloudinary.com/dnlkkivap/image/upload/v1674679061/guppies1_bghdad.jpg',
    'guppies1_bghdad',10),
    (21,'https://res.cloudinary.com/dnlkkivap/image/upload/v1674679061/guppies_wbgu9l.jpg',
    'guppies_wbgu9l',10),
    (22,'https://res.cloudinary.com/dnlkkivap/image/upload/v1674679097/dori1_wcxz6x.jpg',
    'dori1_wcxz6x',11),
    (23,'https://res.cloudinary.com/dnlkkivap/image/upload/v1674679097/dori_ixggtf.jpg',
    'dori_ixggtf',11),

    (24,'https://res.cloudinary.com/dnlkkivap/image/upload/v1674679132/African-Grey_ydorya.jpg',
    'African-Grey_ydorya',12),
    (25,'https://res.cloudinary.com/dnlkkivap/image/upload/v1674679132/African-Grey1_ysif5j.jpg',
    'African-Grey1_ysif5j',12),
    (26,'https://res.cloudinary.com/dnlkkivap/image/upload/v1674679219/sparrow_v7rfjg.jpg',
    'sparrow_v7rfjg',13),
    (27,'https://res.cloudinary.com/dnlkkivap/image/upload/v1674679219/sparrow1_tu332b.jpg',
    'sparrow1_tu332b',13),
    (28,'https://res.cloudinary.com/dnlkkivap/image/upload/v1674679247/wemyss_eibjrn.jpg',
    'wemyss_eibjrn',14),
    (29,'https://res.cloudinary.com/dnlkkivap/image/upload/v1674679266/ewing_yrkaz7.jpg',
    'ewing_yrkaz7',15);
